Brand,Price,Depreciation,Road Tax,Registration Date,COE Left,Mileage,Manufacture Year,Transmission,Deregistration,OMV,ARF,COE Price,Engine Capacity,Power,Curb Weight,No. Of Owners,Vehicle Type
Volkswagen,122988,13800.0,392.0,12-Jan-2022,3011.0,22500.0,2021,Auto,50556.0,17845.0,17845.0,45001.0,999.0,85.0,1190.0,1.0,Hatchback
Mercedes-Benz,209800,21660.0,586.0,20-Jun-2022,3169.0,14089.0,2020,Auto,119540.0,36151.0,42612.0,100684.0,1332.0,120.0,1485.0,1.0,SUV
BMW,70888,12940.0,2688.0,16-Aug-2001,1976.0,,2001,Auto,,47812.0,66937.0,33018.0,2494.0,,,,Sports Car
SEAT,156888,15690.0,624.0,10-Oct-2022,2959.0,,2020,Auto,109611.0,27893.0,31051.0,95856.0,1395.0,110.0,1377.0,1.0,SUV
Nissan,79998,16640.0,2691.0,30-Jul-2008,1739.0,123358.0,2008,Auto,17726.0,28060.0,28060.0,36888.0,2495.0,165.0,1570.0,6.0,Luxury Sedan
Porsche,258800,30820.0,4986.0,03-Jun-2002,3049.0,98000.0,2002,Auto,67646.0,162677.0,211481.0,80583.0,3600.0,,,,Sports Car
Mazda,360000,64730.0,,18-May-1993,2005.0,,1992,Manual,14550.0,52183.0,78275.0,26175.0,1308.0,,,,Sports Car
Porsche,213988,,,N.A.,,11000.0,Manual,"$28,938",,,,,3164.0,,,,Sports Car
Toyota,55888,,,05-Aug-2016,1005.0,1.0,2016,Manual,14065.0,,24944.0,49890.0,2982.0,,2140.0,2.0,Truck
Mercedes-Benz,418800,51990.0,2384.0,20-Mar-2020,2349.0,5908.0,LuxurySedan,2019,148620.0,,,36000.0,2999.0,,1980.0,1.0,N/A
Volkswagen,42800,5920.0,,09-Jan-1973,2616.0,,1973,Manual,2698.0,,,3731.0,1192.0,,,,Others
Porsche,1300,149950.0,3944.0,11-Nov-2020,2585.0,120.0,2019,Manual,380926.0,278169.0,472705.0,40301.0,3996.0,375.0,1465.0,1.0,Sports Car
Honda,84800,10890.0,78.0,29-Apr-2021,2743.0,,2020,Auto,28404.0,16586.0,5000.0,32640.0,1317.0,72.0,1070.0,1.0,Hatchback
BMW,196800,24670.0,1210.0,13-Jul-2020,2462.0,30000.0,2020,Auto,69259.0,48573.0,60003.0,35889.0,1998.0,225.0,1525.0,2.0,Sports Car
Mitsubishi,35800,13540.0,1101.0,07-Jun-2006,941.0,,2006,Manual,12038.0,11958.0,13154.0,45578.0,1584.0,79.0,1162.0,6.0,Mid-Sized Sedan
BMW,137800,19240.0,684.0,18-Oct-2019,2197.0,60257.0,2019,Auto,55022.0,36901.0,43662.0,40000.0,1499.0,103.0,1430.0,1.0,SUV
Mazda,44800,11790.0,682.0,15-Dec-2016,1159.0,,2016,Auto,24707.0,19522.0,14522.0,48000.0,1496.0,88.0,1321.0,2.0,Mid-Sized Sedan
Hyundai,86800,15840.0,738.0,07-Nov-2018,1832.0,33000.0,2018,Auto,23926.0,12628.0,12628.0,28457.0,1591.0,93.8,1345.0,1.0,Mid-Sized Sedan
Toyota,43800,14230.0,742.0,23-Mar-2016,882.0,92000.0,2015,Auto,21705.0,17804.0,17804.0,45002.0,1598.0,90.0,1205.0,2.0,Mid-Sized Sedan
BMW,272888,28310.0,,27-Oct-2022,3291.0,19000.0,SUV,2022,109636.0,,,113000.0,,,2180.0,1.0,N/A
Jeep,67998,14920.0,2451.0,29-Apr-2008,1648.0,132295.0,2006,Auto,,25093.0,27603.0,40881.0,2359.0,125.0,1660.0,6.0,SUV
Porsche,219000,24840.0,2246.0,02-Jan-2013,3191.0,75132.0,2012,Auto,85648.0,75399.0,75399.0,97176.0,2706.0,195.0,1415.0,3.0,Sports Car
Kia,70800,11360.0,1033.0,05-Jan-2010,2251.0,,2009,Auto,19921.0,11274.0,11274.0,31976.0,1591.0,92.7,1251.0,3.0,Mid-Sized Sedan
Renault,57800,14940.0,1048.0,14-Feb-2017,1218.0,102000.0,SUV,2016,27097.0,,,50889.0,1461.0,,1421.0,2.0,N/A
Audi,96800,17670.0,1672.0,26-Nov-2009,1976.0,170000.0,2009,Auto,18083.0,42936.0,42936.0,33018.0,1984.0,155.0,1550.0,6.0,Sports Car
Honda,77800,14490.0,682.0,19-Nov-2018,1863.0,,Hatchback,2018,22079.0,,,32429.0,1496.0,,1080.0,1.0,N/A
Citroen,21800,13440.0,1144.0,30-Jan-2015,464.0,,Hatchback,2014,13108.0,,,65001.0,1560.0,,1295.0,2.0,N/A
Mercedes-Benz,169800,28240.0,1202.0,29-Nov-2017,1498.0,19000.0,2017,Auto,97820.0,74347.0,105825.0,57390.0,1991.0,180.0,1845.0,1.0,Sports Car
Mercedes-Benz,46500,,1202.0,08-Apr-2014,158.0,160000.0,2013,Auto,33650.0,51180.0,59124.0,82900.0,1991.0,155.0,1635.0,2.0,Sports Car
Honda,47888,16550.0,682.0,20-May-2016,949.0,85000.0,2015,Auto,17865.0,19336.0,9336.0,47020.0,1496.0,96.0,1190.0,1.0,SUV
BMW,109800,16710.0,684.0,29-Apr-2019,2013.0,49500.0,2019,Auto,43865.0,29931.0,33904.0,33199.0,1499.0,80.0,1380.0,2.0,Hatchback
Honda,6500,,885.0,24-Feb-2009,123.0,160000.0,2008,Auto,959.0,12195.0,12195.0,12864.0,1339.0,73.0,1010.0,1.0,Hatchback
Mitsubishi,18800,13590.0,958.0,26-Feb-2010,490.0,104062.0,2009,Auto,4562.0,18060.0,18060.0,16519.0,1499.0,80.0,1313.0,4.0,Mid-Sized Sedan
Volkswagen,33998,15000.0,624.0,25-Sep-2015,399.0,125997.0,2015,Auto,16220.0,19158.0,9158.0,57089.0,1395.0,90.0,1249.0,3.0,Hatchback
Toyota,72800,14630.0,2457.0,29-Sep-2008,1498.0,,2008,Auto,16597.0,29187.0,29187.0,33377.0,2362.0,125.0,1780.0,5.0,MPV
Kia,68800,13600.0,738.0,16-May-2018,1675.0,74000.0,2017,Auto,26381.0,12380.0,12380.0,38510.0,1591.0,95.3,1295.0,1.0,Mid-Sized Sedan
BMW,50000,17530.0,1082.0,27-Nov-2015,766.0,,MPV,2015,27012.0,,,60689.0,1496.0,,1480.0,3.0,N/A
Toyota,59800,10750.0,1026.0,22-May-2009,2005.0,159000.0,2009,Auto,14550.0,12468.0,12468.0,26175.0,1497.0,80.0,1095.0,3.0,Mid-Sized Sedan
Volkswagen,41800,18120.0,624.0,28-Oct-2015,737.0,139000.0,2014,Auto,17292.0,19248.0,9248.0,57301.0,1395.0,90.0,1249.0,2.0,Hatchback
Hyundai,43800,14260.0,738.0,21-Mar-2016,880.0,120000.0,2016,Auto,21680.0,17805.0,17805.0,45000.0,1591.0,93.8,1345.0,3.0,Mid-Sized Sedan
Audi,85000,15600.0,392.0,14-May-2018,1673.0,99000.0,2018,Auto,36509.0,24712.0,26597.0,38941.0,999.0,85.0,1280.0,3.0,Luxury Sedan
Toyota,26500,12850.0,965.0,30-Nov-2010,731.0,158000.0,2010,Auto,7252.0,16286.0,16286.0,17600.0,1598.0,90.0,1195.0,4.0,Mid-Sized Sedan
Hyundai,8800,15750.0,1107.0,16-May-2009,180.0,200000.0,2009,Auto,1456.0,13877.0,13877.0,13088.0,1591.0,89.7,1314.0,6.0,Hatchback
BMW,89800,14800.0,2514.0,21-Nov-2009,2191.0,143000.0,2009,Auto,22738.0,59155.0,59155.0,37502.0,2497.0,150.0,1430.0,4.0,Sports Car
Honda,64500,10780.0,826.0,15-Oct-2009,1855.0,120000.0,2008,Auto,17626.0,20064.0,20064.0,29485.0,1339.0,73.0,1060.0,2.0,Hatchback
Mercedes-Benz,82800,11860.0,1266.0,01-Oct-2010,2220.0,147000.0,2010,Auto,24378.0,38917.0,38917.0,34935.0,1796.0,115.0,1495.0,4.0,Luxury Sedan
Honda,99800,17770.0,682.0,05-Oct-2018,1494.0,65000.0,2017,Auto,29725.0,21559.0,22183.0,28457.0,1496.0,96.0,1360.0,1.0,MPV
Hyundai,118888,15300.0,242.0,21-Apr-2021,2735.0,30000.0,2021,Auto,26155.0,21548.0,7168.0,27589.0,1598.0,90.2,1280.0,1.0,Mid-Sized Sedan
Audi,130000,25140.0,2380.0,25-Oct-2016,1099.0,95000.0,2014,Auto,85631.0,74968.0,106943.0,53001.0,2995.0,228.0,1955.0,2.0,Luxury Sedan
Mazda,47988,14900.0,682.0,16-Sep-2016,765.0,128000.0,2016,Auto,20177.0,18440.0,8440.0,51506.0,1496.0,85.0,1036.0,1.0,Hatchback
Porsche,375900,36320.0,1194.0,20-Dec-2022,3354.0,11550.0,2022,Auto,153498.0,61799.0,83239.0,114009.0,1984.0,195.0,1920.0,2.0,SUV
Mercedes-Benz,195800,34560.0,2382.0,06-Jul-2017,1340.0,55000.0,2017,Auto,104284.0,89515.0,133127.0,47501.0,2996.0,295.0,1840.0,3.0,Luxury Sedan
Mercedes-Benz,183800,19150.0,586.0,13-May-2022,3132.0,18118.0,2020,Auto,97122.0,33056.0,38279.0,79601.0,1332.0,120.0,1375.0,1.0,Hatchback
Honda,159888,15740.0,682.0,06-Oct-2023,3320.0,88.0,Auto,"$18,251",107693.0,5000.0,,104000.0,1496.0,,1250.0,,SUV
Suzuki,69900,10670.0,1030.0,27-Apr-2010,2376.0,164520.0,2010,Auto,21526.0,14129.0,14129.0,32875.0,1586.0,82.0,1220.0,3.0,Mid-Sized Sedan
Volkswagen,63000,14010.0,620.0,30-Jun-2017,1344.0,,2016,Auto,30005.0,21187.0,21662.0,42801.0,1390.0,90.0,1417.0,2.0,Mid-Sized Sedan
Mazda,41800,12640.0,682.0,09-Sep-2016,739.0,89000.0,2016,Auto,21198.0,14821.0,9821.0,52503.0,1496.0,85.0,1079.0,3.0,Mid-Sized Sedan
Mazda,40800,12850.0,682.0,30-Jun-2016,979.0,89000.0,2016,Auto,21977.0,16600.0,11600.0,55200.0,1496.0,88.0,1321.0,3.0,Mid-Sized Sedan
Mazda,78000,13700.0,682.0,23-Oct-2018,1827.0,117250.0,2018,Auto,29500.0,17839.0,17839.0,31997.0,1496.0,88.0,1329.0,1.0,Hatchback
Honda,77588,15180.0,682.0,25-Jun-2018,1704.0,51000.0,2018,Auto,25661.0,21536.0,12151.0,36426.0,1496.0,96.0,1190.0,1.0,SUV
Toyota,10800,15340.0,1113.0,23-Jun-2009,242.0,106000.0,2009,Auto,2093.0,17500.0,17500.0,14920.0,1598.0,80.0,1195.0,3.0,Mid-Sized Sedan
Honda,67500,18560.0,684.0,10-Oct-2016,769.0,115000.0,2016,Auto,30933.0,26078.0,23510.0,56089.0,1498.0,127.0,1324.0,1.0,Mid-Sized Sedan
Honda,150800,15940.0,682.0,05-Aug-2022,3195.0,12000.0,2022,Auto,84824.0,20189.0,20265.0,78899.0,1496.0,95.0,1360.0,1.0,MPV
Honda,40800,17870.0,682.0,16-Oct-2015,735.0,65000.0,2015,Auto,17166.0,19424.0,9424.0,57089.0,1496.0,96.0,1190.0,1.0,SUV
Hyundai,76800,15370.0,600.0,27-Jun-2018,1706.0,78000.0,2018,Auto,23882.0,18528.0,8528.0,37989.0,1353.0,103.0,1457.0,2.0,Stationwagon
Mercedes-Benz,129700,26900.0,1202.0,16-Feb-2017,1220.0,,2016,Auto,68945.0,59347.0,78825.0,52807.0,1991.0,155.0,1615.0,2.0,Luxury Sedan
Toyota,73800,14740.0,742.0,10-Apr-2014,1825.0,103000.0,2014,Auto,,18544.0,13544.0,,1598.0,90.0,1205.0,1.0,Mid-Sized Sedan
Kia,112500,14060.0,,29-Jul-2021,2833.0,5000.0,SUV,2021,40832.0,,,47010.0,998.0,,1288.0,1.0,N/A
Audi,82800,14890.0,1672.0,25-Jun-2010,2005.0,113000.0,2010,Auto,19685.0,51247.0,51247.0,35411.0,1984.0,155.0,1735.0,4.0,Sports Car
Mercedes-Benz,169800,30720.0,2382.0,13-Feb-2017,1217.0,90500.0,2016,Auto,104744.0,89948.0,133907.0,54901.0,2996.0,200.0,1940.0,2.0,Luxury Sedan
Porsche,88800,18530.0,3027.0,24-Jul-2008,1733.0,139000.0,2008,Auto,17666.0,55208.0,55208.0,36888.0,2687.0,180.0,1400.0,6.0,Sports Car
Subaru,76800,17600.0,1208.0,29-Sep-2017,1133.0,70000.0,2017,Auto,29180.0,13744.0,13744.0,51000.0,1995.0,110.0,1591.0,2.0,SUV
Mercedes-Benz,159000,21790.0,1202.0,18-Dec-2019,2257.0,43103.0,2019,Auto,60762.0,39990.0,47986.0,40009.0,1991.0,165.0,1375.0,2.0,Luxury Sedan
Toyota,70800,18780.0,1196.0,25-Oct-2016,1099.0,,2016,Auto,33857.0,28779.0,27291.0,53001.0,1986.0,111.0,1610.0,2.0,SUV
Nissan,43000,14720.0,508.0,21-Mar-2016,880.0,100714.0,2016,Auto,19382.0,18974.0,13974.0,45000.0,1197.0,85.0,1285.0,3.0,SUV
Honda,78500,18370.0,684.0,11-May-2017,1305.0,72000.0,2017,Auto,35492.0,27298.0,25218.0,53300.0,1498.0,127.0,1324.0,3.0,Mid-Sized Sedan
Porsche,138900,55010.0,1194.0,12-Jun-2015,606.0,43000.0,2015,Auto,64022.0,67563.0,93614.0,75000.0,1984.0,174.0,1940.0,1.0,SUV
Honda,142688,15420.0,682.0,03-Oct-2022,2952.0,,Stationwagon,2021,91652.0,,,113000.0,1496.0,,1200.0,1.0,N/A
Mazda,29800,17100.0,1210.0,24-Dec-2014,428.0,,2014,Auto,18990.0,18280.0,18280.0,76904.0,1998.0,111.0,1664.0,3.0,MPV
BMW,156800,18480.0,684.0,23-Dec-2020,2617.0,37218.0,2020,Auto,67748.0,39377.0,47128.0,45510.0,1499.0,103.0,1420.0,,SUV
Porsche,197000,43800.0,1194.0,27-Feb-2017,1221.0,121000.0,2016,Auto,81222.0,69648.0,97367.0,53001.0,1984.0,185.0,1845.0,3.0,SUV
Toyota,80800,18990.0,974.0,23-Nov-2017,1492.0,,SUV,2017,27148.0,,,57390.0,1797.0,,1440.0,1.0,N/A
Volkswagen,92000,15840.0,976.0,30-May-2018,1679.0,65035.0,2018,Auto,43744.0,32128.0,36980.0,38501.0,1798.0,132.0,1480.0,3.0,Luxury Sedan
Toyota,93800,,,16-May-2019,2040.0,91000.0,2019,Auto,15450.0,,34337.0,27589.0,2982.0,,1800.0,1.0,Truck
Toyota,45000,16250.0,742.0,29-Dec-2015,798.0,47228.0,2015,Auto,22733.0,17804.0,17804.0,54301.0,1598.0,90.0,1205.0,2.0,Mid-Sized Sedan
Mercedes-Benz,133888,25250.0,1202.0,26-Oct-2017,1465.0,160000.0,2017,Auto,64600.0,50779.0,63403.0,49996.0,1991.0,135.0,1770.0,2.0,SUV
Honda,110800,13650.0,682.0,13-Sep-2021,2587.0,38903.0,2019,Auto,41116.0,20096.0,5135.0,47000.0,1496.0,95.0,1130.0,1.0,Stationwagon
BMW,187777,25200.0,1210.0,18-Oct-2018,1832.0,,2018,Auto,107385.0,83449.0,122209.0,31302.0,1998.0,190.0,1720.0,1.0,Mid-Sized Sedan
BMW,202800,23960.0,1210.0,16-Dec-2020,2620.0,32000.0,LuxurySedan,2020,78161.0,,,45012.0,1998.0,,1610.0,2.0,N/A
Honda,30800,15600.0,682.0,23-Jun-2015,607.0,108000.0,2015,Auto,15018.0,18436.0,8436.0,61000.0,1496.0,96.0,1190.0,1.0,SUV
Opel,131800,14470.0,508.0,14-Sep-2022,2953.0,3000.0,2022,Auto,80585.0,19936.0,5000.0,86000.0,1199.0,96.0,1220.0,1.0,SUV
Volkswagen,24366,13370.0,868.0,05-Aug-2010,640.0,119000.0,2010,Auto,5856.0,15072.0,15072.0,16095.0,1390.0,63.0,1129.0,6.0,Hatchback
Toyota,67800,,,11-Jan-2019,1915.0,,2018,Manual,13416.0,,28136.0,25517.0,2982.0,,1700.0,1.0,Van
Kia,12998,12320.0,1033.0,29-Oct-2009,373.0,175359.0,2009,Auto,3217.0,11051.0,11051.0,15287.0,1591.0,92.7,1251.0,5.0,Mid-Sized Sedan
Toyota,51800,17590.0,1210.0,05-Nov-2015,735.0,,2015,Auto,30804.0,27591.0,30628.0,60001.0,1998.0,123.0,1480.0,2.0,Luxury Sedan
Mercedes-Benz,59800,22870.0,1202.0,24-Jun-2015,608.0,47000.0,2015,Auto,35026.0,42520.0,41528.0,71509.0,1991.0,135.0,1465.0,2.0,Luxury Sedan
Isuzu,57800,,,01-Nov-2017,1461.0,104000.0,2017,Manual,19856.0,,25292.0,48902.0,2999.0,,1800.0,2.0,Truck
Mercedes-Benz,37800,20840.0,740.0,01-Apr-2015,516.0,89475.0,2015,Auto,16869.0,22896.0,14055.0,62002.0,1595.0,90.0,1395.0,3.0,Hatchback
Honda,36800,16960.0,682.0,08-Sep-2015,373.0,75000.0,2015,Auto,15503.0,18644.0,8644.0,56209.0,1496.0,96.0,1190.0,1.0,SUV
Audi,31500,15090.0,392.0,29-Jul-2015,643.0,113258.0,2015,Auto,14791.0,22572.0,8601.0,55889.0,999.0,70.0,1165.0,2.0,Hatchback
Toyota,23800,,,13-Nov-2014,397.0,,2014,Manual,3843.0,,27502.0,35156.0,2982.0,,1740.0,3.0,Van
Volkswagen,83500,10350.0,744.0,25-Nov-2011,2921.0,118128.0,2011,Auto,37479.0,22246.0,22246.0,46482.0,1390.0,90.0,1241.0,3.0,Hatchback
Honda,110800,23430.0,1815.0,18-Nov-2008,1700.0,155000.0,2008,Manual,17914.0,29984.0,29984.0,37906.0,1998.0,165.0,1270.0,4.0,Sports Car
Mazda,89800,12660.0,682.0,26-Feb-2020,2315.0,42000.0,2019,Auto,34474.0,17912.0,17912.0,33301.0,1496.0,85.0,1067.0,1.0,Hatchback
Volkswagen,68900,16440.0,624.0,30-Jun-2017,1344.0,70000.0,2016,Auto,26806.0,23833.0,15367.0,45201.0,1395.0,92.0,1249.0,2.0,Hatchback
Mitsubishi,129800,25870.0,1815.0,14-Oct-2008,1828.0,150000.0,2008,Auto,16184.0,49303.0,49303.0,32279.0,1998.0,217.0,1625.0,6.0,Sports Car
Audi,73333,18170.0,624.0,23-Jan-2017,1187.0,157000.0,2016,Auto,34981.0,32219.0,27107.0,52807.0,1395.0,110.0,1450.0,1.0,Luxury Sedan
Honda,86888,,,29-Mar-2023,3443.0,,2022,Auto,68450.0,,17773.0,72272.0,658.0,,960.0,1.0,Van
Porsche,147700,17590.0,2856.0,02-Mar-2012,3049.0,108000.0,SUV,2011,67646.0,,,80583.0,2995.0,,2315.0,2.0,N/A
Mercedes-Benz,8888,,,25-Aug-1993,129.0,,1993,Auto,1242.0,44346.0,66519.0,15967.0,1998.0,,,,Luxury Sedan
BMW,47777,17660.0,684.0,28-Aug-2015,372.0,,2015,Auto,27641.0,29993.0,28991.0,62140.0,1499.0,100.0,1425.0,2.0,Luxury Sedan
Toyota,200888,32550.0,2026.0,25-Jan-2019,1919.0,80000.0,2018,Auto,60470.0,46331.0,56864.0,33689.0,2693.0,120.0,2110.0,1.0,SUV
Toyota,8800,,1023.0,31-Mar-2009,150.0,,2008,Auto,1203.0,18607.0,18607.0,12763.0,1495.0,80.0,1150.0,4.0,SUV
Volkswagen,110788,30890.0,1194.0,29-Jul-2016,1008.0,130000.0,2015,Auto,45155.0,40301.0,48422.0,57508.0,1984.0,206.0,1420.0,3.0,Sports Car
Porsche,530788,69580.0,2364.0,02-Oct-2019,1856.0,21000.0,2019,Auto,193224.0,142735.0,228923.0,36001.0,2981.0,331.0,1590.0,2.0,Sports Car
MINI,36800,11830.0,890.0,18-Nov-2011,1132.0,120000.0,2011,Auto,14840.0,18996.0,18996.0,23883.0,1598.0,72.0,1100.0,3.0,Hatchback
Toyota,47555,13130.0,2457.0,24-May-2007,1308.0,,2007,Auto,18997.0,24168.0,26585.0,52491.0,2362.0,118.0,1640.0,3.0,SUV
Hyundai,102800,13930.0,738.0,07-Aug-2020,2467.0,,2020,Auto,33770.0,15260.0,15260.0,32699.0,1591.0,93.8,1345.0,1.0,Mid-Sized Sedan
Hyundai,75800,14090.0,738.0,20-Aug-2018,1469.0,92154.0,2018,Auto,26566.0,14471.0,14471.0,33798.0,1591.0,93.8,1345.0,1.0,Mid-Sized Sedan
Toyota,16800,13160.0,958.0,18-Jan-2010,462.0,,2009,Auto,4124.0,12717.0,12717.0,16184.0,1497.0,80.0,1095.0,4.0,Mid-Sized Sedan
Mercedes-Benz,335888,39630.0,3268.0,12-Sep-2020,2221.0,60000.0,SUV,2019,120170.0,,,40790.0,2925.0,,2490.0,2.0,N/A
Hyundai,118800,14910.0,742.0,28-Jul-2021,2832.0,18000.0,2021,Auto,40418.0,18803.0,5000.0,47010.0,1598.0,90.2,1280.0,1.0,Mid-Sized Sedan
Toyota,108800,13930.0,392.0,06-May-2021,2740.0,,2020,Auto,42523.0,21126.0,6577.0,49640.0,996.0,72.0,970.0,1.0,SUV
MINI,95888,15890.0,684.0,25-Jan-2019,1919.0,68000.0,2018,Manual,34507.0,22440.0,23416.0,31997.0,1499.0,75.0,1135.0,1.0,Hatchback
Porsche,372000,46060.0,2380.0,20-Jan-2020,2289.0,65200.0,2019,Auto,149714.0,107207.0,164973.0,41361.0,2995.0,243.0,1815.0,1.0,Sports Car
Volkswagen,66900,16260.0,624.0,31-May-2017,1305.0,60000.0,2016,Auto,26897.0,23827.0,15358.0,46489.0,1395.0,92.0,1249.0,2.0,Hatchback
Mercedes-Benz,126800,17240.0,586.0,24-Feb-2020,2313.0,50000.0,2019,Auto,49333.0,29676.0,33547.0,37900.0,1332.0,100.0,1405.0,2.0,Hatchback
Mercedes-Benz,74888,22570.0,2382.0,06-Apr-2015,521.0,128000.0,2015,Auto,56376.0,61381.0,82486.0,74000.0,2996.0,245.0,1785.0,2.0,Luxury Sedan
Mercedes-Benz,319800,36830.0,2384.0,12-Oct-2020,2556.0,,SUV,2019,119575.0,,,38802.0,2999.0,,2220.0,1.0,N/A
Toyota,159800,15970.0,1331.0,31-Jul-2013,0.0,67000.0,2013,Auto,,30804.0,35126.0,,1998.0,147.0,1259.0,1.0,Sports Car
BMW,147888,28460.0,2362.0,27-Mar-2017,1251.0,98000.0,2016,Auto,82330.0,70378.0,98681.0,52600.0,2979.0,235.0,1750.0,2.0,Luxury Sedan
Volkswagen,73800,14740.0,624.0,16-Jan-2014,1825.0,102000.0,2013,Auto,,20916.0,6283.0,,1395.0,90.0,1249.0,3.0,Hatchback
Honda,106000,15350.0,682.0,22-Jan-2020,2281.0,32000.0,SUV,2018,37972.0,,,38889.0,1496.0,,1280.0,2.0,N/A
Honda,53800,15090.0,682.0,16-Sep-2016,765.0,120007.0,2016,Auto,27557.0,22809.0,18933.0,55200.0,1496.0,96.0,1190.0,1.0,SUV
Hyundai,103800,13870.0,742.0,26-Jan-2021,2650.0,,2020,Auto,35500.0,18464.0,5000.0,43501.0,1598.0,90.2,1280.0,2.0,Mid-Sized Sedan
Toyota,67800,,,15-Sep-2009,1825.0,,2009,Auto,,,36695.0,,2982.0,,2240.0,6.0,Bus/Mini Bus
MINI,89000,19260.0,684.0,01-Dec-2017,1490.0,29000.0,2017,Auto,36585.0,25930.0,18302.0,57390.0,1499.0,100.0,1175.0,1.0,Hatchback
Hyundai,43800,13370.0,608.0,12-Aug-2016,731.0,114088.0,2016,Auto,21884.0,11636.0,11636.0,52503.0,1368.0,73.6,1035.0,1.0,Mid-Sized Sedan
Mazda,68800,18430.0,1210.0,18-Nov-2016,1132.0,78201.0,2016,Auto,32580.0,22114.0,22960.0,56889.0,1998.0,111.0,1664.0,1.0,MPV
BMW,49800,16260.0,1450.0,27-Dec-2011,1096.0,100000.0,2011,Auto,18541.0,29686.0,29686.0,30293.0,1995.0,110.0,1455.0,2.0,SUV
Hyundai,117800,14920.0,742.0,30-Jun-2021,2804.0,38000.0,2021,Auto,40684.0,18456.0,5000.0,47821.0,1598.0,90.2,1280.0,2.0,Mid-Sized Sedan
Hyundai,6200,,1107.0,26-Mar-2009,155.0,,2009,Auto,1168.0,12434.0,12434.0,12763.0,1591.0,89.7,1264.0,6.0,Mid-Sized Sedan
Nissan,45800,,,29-Apr-2017,1283.0,,2016,Auto,9410.0,,25460.0,26501.0,2488.0,,1800.0,3.0,Van
Toyota,59800,19900.0,1196.0,04-Dec-2015,763.0,90000.0,2015,Auto,33212.0,29918.0,33886.0,59889.0,1986.0,111.0,1610.0,3.0,SUV
Toyota,95800,,,05-Dec-2019,2224.0,,2019,Manual,16007.0,,27083.0,26001.0,2982.0,,1760.0,1.0,Truck
Honda,67900,14070.0,578.0,01-Jun-2018,1671.0,80000.0,2018,Auto,21314.0,14574.0,5000.0,38389.0,1317.0,73.0,1020.0,1.0,Hatchback
BMW,179888,26380.0,1210.0,25-Jun-2019,2069.0,79000.0,2019,Auto,66419.0,47396.0,58355.0,42002.0,1998.0,135.0,1720.0,1.0,SUV
Mercedes-Benz,89800,18310.0,740.0,28-Feb-2018,1587.0,68000.0,2017,Auto,29326.0,26306.0,18829.0,36810.0,1595.0,90.0,1425.0,2.0,Hatchback
Volkswagen,119800,15430.0,624.0,20-Nov-2020,2594.0,45000.0,2020,Auto,41797.0,19974.0,19974.0,37690.0,1395.0,92.0,1270.0,1.0,Hatchback
Suzuki,48000,13460.0,610.0,17-Nov-2016,1131.0,84000.0,2016,Auto,24030.0,12372.0,12372.0,51506.0,1372.0,70.0,1055.0,2.0,Hatchback
Mercedes-Benz,72800,14540.0,740.0,16-Oct-2013,1825.0,93516.0,2013,Auto,,20157.0,10220.0,,1595.0,90.0,1395.0,4.0,Hatchback
Toyota,77800,,,29-Jun-2020,2438.0,,2020,Manual,15454.0,,28138.0,22995.0,2982.0,,1700.0,1.0,Van
Mercedes-Benz,49800,19860.0,740.0,28-Oct-2015,737.0,86000.0,2015,Auto,22375.0,22209.0,18093.0,56209.0,1595.0,90.0,1395.0,2.0,Hatchback
Volvo,35800,,1212.0,23-Oct-2013,2.0,,2013,Auto,23597.0,38994.0,46592.0,93889.0,1999.0,177.0,1748.0,2.0,SUV
Mercedes-Benz,360800,37000.0,2384.0,21-Jan-2022,3010.0,35000.0,SUV,2021,147197.0,,,79601.0,2999.0,,2220.0,1.0,N/A
Mercedes-Benz,153800,28330.0,740.0,21-Aug-2018,1460.0,140000.0,2018,Auto,40732.0,28410.0,31774.0,38001.0,1595.0,90.0,1435.0,1.0,Hatchback
BMW,133888,19160.0,684.0,29-Aug-2019,1833.0,33152.0,2019,Auto,55044.0,35726.0,42017.0,40512.0,1499.0,103.0,1430.0,2.0,SUV
Honda,14366,14650.0,2279.0,02-Oct-2009,31.0,,2008,Auto,3668.0,28656.0,28656.0,18751.0,2354.0,125.0,1605.0,2.0,SUV
Mercedes-Benz,71800,21070.0,1202.0,28-Mar-2016,887.0,,2015,Auto,35389.0,34071.0,39700.0,46970.0,1991.0,135.0,1655.0,3.0,Luxury Sedan
Honda,81800,12910.0,578.0,21-Nov-2019,2220.0,40500.0,2019,Auto,23745.0,15557.0,5557.0,32000.0,1317.0,73.0,1030.0,1.0,Hatchback
Volkswagen,92800,14750.0,624.0,28-Feb-2019,1952.0,58000.0,2018,Auto,33789.0,24709.0,26593.0,25689.0,1395.0,92.0,1270.0,1.0,Hatchback
Nissan,23800,14460.0,742.0,21-Jan-2015,455.0,96000.0,2014,Auto,14200.0,15430.0,10430.0,66010.0,1598.0,85.0,1205.0,1.0,Mid-Sized Sedan
Toyota,151800,,,31-Aug-2023,3285.0,1.0,2022,Manual,58306.0,,31608.0,58919.0,2755.0,,2420.0,2.0,Truck
Mercedes-Benz,83000,12030.0,1266.0,27-Oct-2010,2191.0,,2010,Auto,22697.0,38917.0,38917.0,32914.0,1796.0,115.0,1495.0,3.0,Luxury Sedan
BMW,93800,19770.0,1210.0,27-Jun-2017,1341.0,102000.0,2017,Auto,46855.0,34778.0,40690.0,55000.0,1998.0,141.0,1485.0,3.0,SUV
Nissan,105800,15250.0,1210.0,28-Nov-2019,2227.0,36538.0,2018,Auto,41877.0,23069.0,24297.0,40002.0,1997.0,106.0,1425.0,1.0,SUV
Lexus,382800,35130.0,1784.0,03-Mar-2023,3405.0,4580.0,SUV,2023,174670.0,,,102002.0,2487.0,,1960.0,1.0,N/A
Nissan,61366,14870.0,1210.0,30-Mar-2017,1254.0,,2016,Auto,31411.0,19509.0,19509.0,54000.0,1997.0,106.0,1379.0,2.0,SUV
Mazda,175888,21850.0,1786.0,18-Dec-2020,2622.0,60000.0,2020,Auto,60349.0,32389.0,37345.0,45510.0,2488.0,143.0,1793.0,1.0,SUV
Mercedes-Benz,59800,14680.0,1461.0,05-Nov-2007,1465.0,183700.0,2007,Auto,20425.0,42806.0,47087.0,50168.0,1796.0,135.0,1490.0,3.0,Luxury Sedan
Renault,36800,13340.0,1048.0,17-Nov-2015,766.0,,MPV,2015,22215.0,,,56001.0,1461.0,,1539.0,2.0,N/A
Honda,59800,16880.0,682.0,02-Mar-2017,1224.0,85240.0,SUV,2016,19592.0,,,48556.0,1496.0,,1280.0,3.0,N/A
Toyota,106888,19730.0,976.0,30-Jul-2018,1739.0,59000.0,MPV,2018,35550.0,,,39000.0,1798.0,,1500.0,3.0,N/A
Subaru,55800,13780.0,744.0,03-May-2017,1277.0,110000.0,2017,Auto,27224.0,13390.0,13390.0,52000.0,1600.0,84.0,1449.0,2.0,Mid-Sized Sedan
Porsche,238888,23870.0,3336.0,28-Oct-2014,0.0,119000.0,SUV,2014,,,,,2967.0,,1955.0,4.0,N/A
Lexus,158800,23960.0,1210.0,07-Mar-2019,1949.0,79399.0,2018,Auto,61937.0,47368.0,58316.0,33689.0,1998.0,175.0,1755.0,1.0,SUV
Opel,149000,15190.0,508.0,30-May-2023,3504.0,3500.0,2022,Auto,92448.0,18980.0,5000.0,92000.0,1199.0,96.0,1205.0,1.0,SUV
Lexus,272800,28200.0,1674.0,31-Mar-2022,3070.0,23000.0,2021,Auto,134346.0,52978.0,67361.0,98889.0,2393.0,205.0,1760.0,1.0,SUV
BMW,90000,13390.0,2514.0,28-Jun-2010,2437.0,155000.0,2010,Auto,22550.0,37047.0,37047.0,33568.0,2497.0,150.0,1650.0,5.0,Luxury Sedan
Mazda,58800,12880.0,682.0,11-Dec-2017,1520.0,64215.0,2017,Auto,24923.0,15108.0,10108.0,42801.0,1496.0,88.0,1310.0,5.0,Mid-Sized Sedan
Audi,67988,20360.0,976.0,24-Nov-2015,763.0,64000.0,2015,Auto,42604.0,44560.0,49384.0,61103.0,1798.0,140.0,1645.0,2.0,Luxury Sedan
Hyundai,76800,15010.0,738.0,12-Jul-2018,1731.0,,2018,Auto,19416.0,10751.0,10751.0,25000.0,1591.0,93.8,1345.0,2.0,Mid-Sized Sedan
Toyota,32800,,,03-Dec-2015,762.0,,2015,Manual,6659.0,,29680.0,31002.0,2982.0,,1760.0,1.0,Van
Ferrari,550000,282050.0,3724.0,06-Jan-2015,431.0,28500.0,2014,Auto,228322.0,236858.0,398345.0,74389.0,3855.0,412.0,1770.0,4.0,Sports Car
Mitsubishi,61800,11160.0,70.0,30-Jan-2019,1924.0,26778.0,2018,Auto,8264.0,13866.0,5000.0,8501.0,1193.0,59.0,940.0,2.0,Mid-Sized Sedan
Honda,65500,13870.0,578.0,13-Apr-2018,1642.0,97000.0,2018,Auto,21575.0,15806.0,5806.0,38830.0,1318.0,73.0,1052.0,1.0,Hatchback
Hyundai,56800,10060.0,1033.0,21-Jun-2010,2036.0,159000.0,2009,Auto,15738.0,10333.0,10333.0,27886.0,1591.0,89.7,1264.0,4.0,Mid-Sized Sedan
Toyota,84800,13730.0,682.0,11-Jun-2019,2065.0,68000.0,2019,Auto,29169.0,13788.0,13788.0,33199.0,1496.0,79.0,1085.0,1.0,Mid-Sized Sedan
Toyota,101800,20450.0,1210.0,20-Sep-2017,1134.0,135600.0,2017,Auto,47012.0,35785.0,42099.0,49802.0,1998.0,170.0,1695.0,2.0,SUV
Audi,164888,22570.0,1194.0,27-Nov-2019,2226.0,55000.0,2019,Auto,64647.0,43357.0,52700.0,41001.0,1984.0,185.0,1795.0,1.0,SUV
Honda,115800,12740.0,578.0,29-Aug-2022,2928.0,4179.0,2021,Auto,81887.0,15784.0,5000.0,87889.0,1317.0,72.0,1070.0,1.0,Hatchback
Kia,18000,12880.0,1033.0,03-Mar-2010,485.0,,2009,Auto,4631.0,14485.0,14485.0,16604.0,1591.0,92.7,1251.0,4.0,Mid-Sized Sedan
BMW,197888,25900.0,1210.0,07-Jan-2019,1892.0,89000.0,2018,Auto,109065.0,84372.0,123870.0,30851.0,1998.0,190.0,1720.0,1.0,Mid-Sized Sedan
Porsche,343868,42630.0,4366.0,26-Apr-2012,2921.0,120000.0,2012,Auto,48851.0,160519.0,160519.0,60586.0,3800.0,294.0,1560.0,3.0,Sports Car
Isuzu,37800,,,03-May-2016,912.0,113565.0,2015,Manual,10110.0,,25032.0,39467.0,2999.0,,1800.0,2.0,Truck
Mitsubishi,59800,,,20-Sep-2016,769.0,92470.0,2016,Manual,5162.0,,35166.0,17527.0,2998.0,,3320.0,1.0,Truck
Peugeot,20800,19610.0,1144.0,30-Jul-2014,279.0,98000.0,SUV,2014,10049.0,,,62890.0,1560.0,,1423.0,1.0,N/A
Honda,82000,,,28-Oct-2022,3292.0,60.0,2022,Auto,44865.0,,16473.0,49548.0,658.0,,920.0,1.0,Van
Kia,61800,16360.0,1318.0,23-Nov-2016,1127.0,81000.0,MPV,2016,31447.0,,,56206.0,1685.0,,1525.0,3.0,N/A
Mercedes-Benz,106888,22390.0,740.0,24-Jul-2017,1368.0,,2017,Auto,47661.0,37239.0,44135.0,50110.0,1595.0,115.0,1425.0,2.0,Luxury Sedan
Mercedes-Benz,130800,29410.0,1202.0,28-Mar-2017,1252.0,86084.0,2016,Auto,55875.0,46946.0,57725.0,53001.0,1991.0,155.0,1785.0,1.0,SUV
Honda,8366,16600.0,1110.0,11-Apr-2009,180.0,,2008,Auto,1312.0,25630.0,25630.0,13088.0,1595.0,92.0,1220.0,4.0,Mid-Sized Sedan
Maserati,132800,35070.0,3366.0,04-Jun-2015,579.0,110000.0,LuxurySedan,2014,95142.0,,,78004.0,2987.0,,1945.0,3.0,N/A
Toyota,137800,24150.0,974.0,04-Dec-2018,1858.0,97500.0,MPV,2018,35860.0,,,30959.0,1797.0,,1620.0,1.0,N/A
Toyota,59800,12180.0,1026.0,05-Sep-2008,1465.0,,2008,Auto,15868.0,11834.0,11834.0,32339.0,1497.0,80.0,1095.0,4.0,Mid-Sized Sedan
BMW,108000,18310.0,2834.0,25-Nov-2011,1826.0,,2011,Auto,23546.0,82368.0,82368.0,39936.0,2979.0,235.0,1840.0,3.0,Sports Car
Nissan,49800,,,14-Jan-2014,1825.0,128616.0,2013,Manual,,,19232.0,,1461.0,,1300.0,1.0,Van
Toyota,41800,20510.0,1196.0,13-May-2015,577.0,125000.0,2014,Auto,21493.0,25938.0,18314.0,72100.0,1986.0,111.0,1610.0,1.0,SUV
Kia,27988,16090.0,738.0,18-Mar-2015,522.0,121000.0,2014,Auto,13543.0,14693.0,9693.0,57199.0,1591.0,95.3,1295.0,1.0,Mid-Sized Sedan
Jaguar,135000,35950.0,2380.0,31-Aug-2016,730.0,79000.0,2016,Auto,53503.0,49967.0,61954.0,56500.0,2995.0,250.0,1706.0,3.0,Luxury Sedan
Honda,36800,18650.0,1630.0,21-Nov-2014,395.0,119000.0,2014,Auto,25457.0,28509.0,31913.0,70890.0,2356.0,129.0,1855.0,1.0,MPV
Mercedes-Benz,143777,26710.0,2382.0,25-Aug-2016,734.0,,2016,Auto,96464.0,89948.0,133907.0,56089.0,2996.0,200.0,1940.0,1.0,Luxury Sedan
Hyundai,79000,13630.0,738.0,15-Jan-2019,1919.0,119000.0,2018,Auto,24422.0,14355.0,14355.0,25920.0,1591.0,93.8,1345.0,3.0,Mid-Sized Sedan
BMW,112800,16350.0,3307.0,08-Sep-2010,2191.0,,2010,Auto,22697.0,53432.0,53432.0,32914.0,2979.0,225.0,1825.0,6.0,Sports Car
Porsche,138800,21970.0,4750.0,18-Aug-2010,2281.0,137000.0,SUV,2010,24921.0,,,39463.0,2967.0,,2175.0,5.0,N/A
Mercedes-Benz,88800,18700.0,740.0,20-Oct-2017,1469.0,53000.0,2017,Auto,36103.0,28494.0,26892.0,42902.0,1595.0,90.0,1435.0,3.0,Hatchback
Honda,53800,15300.0,684.0,14-Nov-2016,1128.0,67703.0,2016,Auto,24101.0,17792.0,12792.0,50991.0,1498.0,96.0,1046.0,2.0,Hatchback
Mercedes-Benz,74111,18850.0,740.0,03-Mar-2017,1215.0,65000.0,2016,Auto,29508.0,23657.0,20120.0,48401.0,1595.0,90.0,1395.0,2.0,Hatchback
Toyota,62800,,,25-Feb-2019,1949.0,,2018,Manual,14114.0,,28136.0,26230.0,2982.0,,1700.0,1.0,Van
Toyota,35800,,,03-Aug-2015,638.0,121274.0,2015,Manual,1216.0,,24944.0,6703.0,2982.0,,1740.0,2.0,Truck
Nissan,26800,,,10-Dec-2015,769.0,173000.0,2015,Manual,8591.0,,19981.0,39643.0,1461.0,,1260.0,3.0,Van
Mazda,48500,15300.0,1210.0,25-Apr-2016,914.0,128000.0,2016,Auto,23441.0,19200.0,19200.0,47510.0,1998.0,111.0,1535.0,2.0,MPV
Nissan,42800,,,22-Nov-2017,1491.0,,2017,Manual,,,20119.0,48902.0,1461.0,,1260.0,3.0,Van
Toyota,89900,9510.0,,23-Mar-2023,3437.0,50.0,2022,Auto,63115.0,,20900.0,66755.0,1496.0,,1260.0,1.0,Van
Jeep,153800,29840.0,3036.0,23-Nov-2017,1492.0,85000.0,SUV,2017,66716.0,,,57414.0,2776.0,,2253.0,3.0,N/A
Mitsubishi,60800,,,24-Feb-2017,1218.0,127240.0,2016,Auto,8850.0,,32176.0,26220.0,2998.0,,2480.0,3.0,Truck
Honda,51800,13630.0,182.0,01-Nov-2016,1096.0,125800.0,2016,Auto,23617.0,23634.0,20088.0,34507.0,1496.0,96.0,1190.0,1.0,SUV
BMW,129800,19570.0,684.0,30-Apr-2019,2014.0,75000.0,2019,Auto,58164.0,35730.0,42022.0,52410.0,1499.0,103.0,1430.0,2.0,SUV
BMW,102000,18240.0,684.0,12-Apr-2018,1641.0,113000.0,2017,Auto,44616.0,33947.0,39526.0,37605.0,1499.0,100.0,1425.0,3.0,Luxury Sedan
Peugeot,29999,,,05-Aug-2016,1005.0,101168.0,2016,Auto,14065.0,,17560.0,49890.0,1560.0,,1440.0,1.0,Van
Volvo,91800,18420.0,684.0,02-Jan-2018,1522.0,71000.0,2017,Auto,37259.0,25458.0,27642.0,42339.0,1498.0,90.0,1558.0,1.0,Luxury Sedan
Hyundai,74800,13550.0,738.0,19-Nov-2018,1863.0,65340.0,2018,Auto,22666.0,10999.0,10999.0,28199.0,1591.0,93.8,1345.0,1.0,Mid-Sized Sedan
BMW,139800,30650.0,2362.0,14-Oct-2016,1098.0,115200.0,2016,Auto,78274.0,68263.0,94874.0,55201.0,2979.0,225.0,2025.0,3.0,SUV
Mercedes-Benz,83900,12160.0,1266.0,22-Sep-2010,2191.0,153301.0,2010,Auto,22697.0,34024.0,34024.0,32914.0,1796.0,105.0,1495.0,6.0,Sports Car
Toyota,68800,,,15-Mar-2018,1614.0,,2017,Auto,13548.0,,32797.0,30582.0,2982.0,,1760.0,2.0,Van
Toyota,62000,18730.0,1196.0,25-May-2016,944.0,,2015,Auto,28282.0,27611.0,25656.0,49156.0,1986.0,111.0,1580.0,2.0,SUV
Audi,96500,17750.0,392.0,11-May-2018,1670.0,71000.0,2018,Auto,38935.0,27220.0,30108.0,38941.0,999.0,85.0,1315.0,1.0,SUV
Mercedes-Benz,39800,19970.0,1202.0,02-Jul-2014,241.0,110213.0,2014,Auto,30134.0,45353.0,50495.0,67304.0,1991.0,135.0,1655.0,2.0,Luxury Sedan
Infiniti,152800,20330.0,1202.0,26-Mar-2020,2345.0,18000.0,2019,Auto,56054.0,36282.0,42795.0,38000.0,1991.0,155.0,1692.0,1.0,Sports Car
BMW,259800,27670.0,,22-Jul-2022,3191.0,9000.0,SUV,2022,121508.0,,,110003.0,,,2180.0,1.0,N/A
Honda,55800,16020.0,682.0,11-Nov-2016,1125.0,75000.0,2016,Auto,23920.0,21841.0,12578.0,50991.0,1496.0,96.0,1190.0,1.0,SUV
Toyota,82800,13690.0,682.0,23-Apr-2019,2007.0,64000.0,2019,Auto,26597.0,13936.0,13936.0,29159.0,1496.0,79.0,1085.0,1.0,Mid-Sized Sedan
Mercedes,80800,19300.0,740.0,29-Mar-2017,1253.0,91000.0,2016,Auto,35630.0,29096.0,27735.0,50789.0,1595.0,90.0,1435.0,2.0,Mid-Sized Sedan
Honda,63800,16500.0,682.0,27-Jun-2017,1341.0,,SUV,2016,21854.0,,,50526.0,1496.0,,1280.0,3.0,N/A
Maserati,169800,29530.0,2362.0,25-May-2017,1309.0,58000.0,2016,Auto,101306.0,85294.0,125530.0,54616.0,2979.0,243.0,1850.0,2.0,Luxury Sedan
Honda,61800,14910.0,1467.0,28-Apr-2008,1490.0,134000.0,2008,Auto,20782.0,17836.0,17836.0,50168.0,1799.0,103.0,1410.0,5.0,SUV
Toyota,160800,22190.0,974.0,13-Apr-2020,2372.0,55000.0,MPV,2019,45811.0,,,32889.0,1797.0,,1620.0,2.0,N/A
Nissan,52800,,,13-Apr-2017,1277.0,,2016,Manual,9089.0,,25665.0,25918.0,2953.0,,1800.0,2.0,Truck
Toyota,74800,,,25-Sep-2008,1494.0,,2008,Auto,,,33005.0,30696.0,2982.0,,2380.0,2.0,Bus/Mini Bus
Citroen,59800,14220.0,1144.0,07-Jul-2017,1341.0,104123.0,SUV,2016,25468.0,,,45201.0,1560.0,,1310.0,2.0,N/A
Nissan,73800,,,25-Aug-2021,2559.0,,2021,Auto,25655.0,,19270.0,32571.0,1597.0,,1220.0,1.0,Van
Honda,128500,22260.0,1630.0,03-Sep-2018,1463.0,80000.0,2018,Auto,43936.0,33352.0,38693.0,34381.0,2356.0,129.0,1865.0,1.0,MPV
Peugeot,28800,15490.0,1144.0,22-Apr-2015,546.0,121000.0,MPV,2014,15922.0,,,67749.0,1560.0,,1520.0,2.0,N/A
Opel,20800,,,16-Jun-2015,610.0,,2013,Manual,8748.0,,19753.0,52001.0,1598.0,,1440.0,2.0,Van
Toyota,282800,29180.0,1792.0,26-May-2022,3135.0,11500.0,MPV,2019,117371.0,,,91112.0,2493.0,,2110.0,1.0,N/A
Mitsubishi,143988,,,15-Jun-2023,3529.0,,2023,Manual,73207.0,,34811.0,75589.0,2998.0,,2500.0,1.0,Truck
Suzuki,75000,,,25-Aug-2022,2924.0,,2022,Auto,41943.0,,13415.0,47236.0,658.0,,880.0,1.0,Van
BMW,53800,18780.0,1082.0,19-Dec-2015,798.0,,Hatchback,2015,27599.0,,,56989.0,1496.0,,1480.0,1.0,N/A
BMW,168800,29640.0,1210.0,21-Jun-2018,1700.0,108000.0,2017,Auto,57130.0,47757.0,58860.0,33900.0,1998.0,185.0,1615.0,3.0,Luxury Sedan
Toyota,72800,13250.0,1815.0,06-Apr-2009,1981.0,,2009,Auto,19442.0,23511.0,23511.0,35411.0,1998.0,110.0,1540.0,3.0,MPV
Porsche,219888,24940.0,2450.0,30-Aug-2012,3191.0,108400.0,2012,Auto,85648.0,69262.0,69262.0,97176.0,2706.0,195.0,1415.0,3.0,Sports Car
Opel,50400,11920.0,1182.0,08-May-2017,1282.0,88000.0,SUV,2017,29537.0,,,54616.0,1598.0,,1501.0,2.0,N/A
Mazda,64800,13760.0,682.0,18-Apr-2018,1647.0,,2018,Auto,21064.0,14726.0,5000.0,38830.0,1496.0,85.0,1102.0,1.0,Mid-Sized Sedan
Toyota,50400,15990.0,976.0,20-Apr-2016,919.0,,2016,Auto,23837.0,19953.0,19953.0,46970.0,1798.0,105.0,1360.0,4.0,MPV
Mercedes-Benz,188888,22270.0,684.0,15-Dec-2020,2619.0,58608.0,2020,Auto,71333.0,46968.0,57756.0,39000.0,1497.0,115.0,1635.0,1.0,Luxury Sedan
Land,83800,19860.0,1212.0,08-Dec-2015,767.0,102000.0,2015,Auto,61946.0,60903.0,81626.0,60001.0,1999.0,177.0,1841.0,3.0,SUV
Honda,1300,,1026.0,12-Nov-2008,31.0,,2008,Auto,260.0,19964.0,19964.0,14835.0,1497.0,88.0,1080.0,3.0,Hatchback
Porsche,290888,42440.0,1200.0,28-Jun-2019,2072.0,40000.0,2019,Auto,99616.0,69015.0,96227.0,48000.0,1988.0,220.0,1365.0,1.0,Sports Car
Toyota,79800,,,04-Nov-2011,2924.0,,2011,Manual,32419.0,,41071.0,40166.0,2982.0,,1780.0,5.0,Van
Mitsubishi,108800,,,18-Jul-2022,3197.0,,2021,Manual,41306.0,,31841.0,47070.0,2998.0,,2220.0,1.0,Truck
Toyota,61800,15860.0,2697.0,17-Sep-2007,1096.0,,2007,Auto,19844.0,25591.0,28151.0,50972.0,2499.0,158.0,1500.0,5.0,Luxury Sedan
Audi,288800,40120.0,2380.0,31-Aug-2019,1825.0,52000.0,SUV,2018,101159.0,,,38602.0,2995.0,,2165.0,3.0,N/A
Honda,153000,18850.0,684.0,11-Jan-2021,2645.0,27100.0,2019,Auto,53998.0,28758.0,32262.0,41503.0,1498.0,142.0,1527.0,2.0,SUV
Toyota,86800,,,25-Mar-2020,2344.0,,2019,Auto,15758.0,,35398.0,24402.0,2754.0,,1800.0,1.0,Van
Toyota,51800,11150.0,1023.0,17-Jul-2008,1671.0,,2008,Auto,17736.0,15128.0,15128.0,38192.0,1496.0,81.0,1200.0,5.0,Mid-Sized Sedan
Toyota,129800,,,08-Aug-2023,3563.0,45.0,2022,Manual,51909.0,,31608.0,52791.0,2755.0,,1780.0,1.0,Truck
Mitsubishi,69800,17650.0,1210.0,31-Mar-2017,1245.0,91000.0,2017,Auto,29516.0,16945.0,16945.0,53300.0,1998.0,110.0,1417.0,1.0,SUV
Mitsubishi,72800,,,25-Oct-2016,1099.0,,2016,Auto,,,84844.0,42431.0,11967.0,,7040.0,1.0,Truck
Mercedes-Benz,116800,18660.0,586.0,26-Mar-2019,1980.0,112000.0,2018,Auto,42463.0,26934.0,29708.0,36961.0,1332.0,100.0,1365.0,2.0,Hatchback
BMW,85888,16950.0,684.0,20-Nov-2017,1499.0,,2017,Auto,41941.0,28741.0,32238.0,47112.0,1499.0,75.0,1480.0,1.0,MPV
Toyota,54800,,,17-May-2013,1676.0,,2013,Manual,38474.0,,24970.0,41795.0,2982.0,,1780.0,1.0,Truck
Audi,263888,29930.0,4627.0,28-Feb-2013,3191.0,80000.0,2011,Auto,85648.0,148133.0,148133.0,97176.0,4163.0,316.0,1565.0,6.0,Sports Car
Mitsubishi,141800,,,10-Sep-2019,1825.0,70000.0,2019,Auto,,,72094.0,26501.0,2998.0,,4060.0,1.0,Bus/Mini Bus
Mercedes-Benz,293800,,,27-Oct-2022,3291.0,5200.0,LuxurySedan,2019,,,,107201.0,2996.0,,2020.0,1.0,N/A
Mercedes-Benz,48800,18720.0,740.0,02-Oct-2015,396.0,85937.0,2015,Auto,24181.0,26023.0,23433.0,57089.0,1595.0,90.0,1425.0,2.0,Hatchback
Honda,65800,15410.0,682.0,17-Aug-2017,1101.0,69000.0,2017,Auto,26316.0,21975.0,12765.0,46778.0,1496.0,96.0,1190.0,2.0,SUV
Lexus,222800,23920.0,1784.0,29-Sep-2021,2593.0,49200.0,LuxurySedan,2021,97970.0,,,64700.0,2487.0,,1680.0,1.0,N/A
Hyundai,121800,15360.0,742.0,15-Jul-2021,2829.0,24000.0,2021,Auto,38691.0,18757.0,5000.0,45001.0,1598.0,90.2,1280.0,1.0,Mid-Sized Sedan
Hyundai,112500,14980.0,742.0,29-Dec-2020,2623.0,65177.0,2020,Auto,35663.0,18498.0,8498.0,40556.0,1598.0,90.2,1280.0,1.0,Mid-Sized Sedan
Toyota,67800,,,29-Apr-2016,918.0,,2016,Auto,11277.0,,42187.0,44213.0,2982.0,,2140.0,4.0,Bus/Mini Bus
BYD,84800,,,01-Apr-2021,2706.0,,2020,Auto,29600.0,,20000.0,39589.0,,,1640.0,1.0,Van
Honda,111800,14360.0,682.0,05-May-2021,2739.0,34000.0,2020,Auto,42126.0,20761.0,6066.0,49640.0,1496.0,95.0,1130.0,1.0,Stationwagon
Kia,69800,14750.0,738.0,31-Jan-2018,1550.0,65000.0,2017,Auto,25150.0,12411.0,12411.0,38200.0,1591.0,95.3,1295.0,1.0,Mid-Sized Sedan
Audi,169900,30980.0,2380.0,19-Oct-2017,1468.0,80000.0,2017,Auto,83293.0,65700.0,90260.0,50000.0,2995.0,260.0,1735.0,3.0,Sports Car
Toyota,41500,15270.0,742.0,06-Nov-2015,736.0,126000.0,2015,Auto,23637.0,19589.0,19589.0,57301.0,1598.0,90.0,1205.0,1.0,Mid-Sized Sedan
Toyota,48800,,,10-Jun-2016,940.0,,2016,Manual,10661.0,,24944.0,39992.0,2982.0,,1760.0,1.0,Truck
Toyota,217800,33430.0,1792.0,13-May-2019,2037.0,32332.0,2018,Auto,65923.0,49682.0,61555.0,36667.0,2493.0,134.0,2030.0,1.0,MPV
Mercedes-Benz,219800,21960.0,1202.0,29-Apr-2015,0.0,61000.0,2014,Auto,,51144.0,64060.0,,1991.0,265.0,1585.0,2.0,Sports Car
Nissan,350000,75320.0,2697.0,29-Sep-1999,1671.0,7000.0,1999,Manual,17977.0,37330.0,52262.0,38712.0,2498.0,,,,Sports Car
Toyota,207800,20940.0,1784.0,16-Jan-2023,3380.0,6228.0,SUV,2021,106772.0,,,109600.0,2487.0,,1650.0,1.0,N/A
Honda,50800,15010.0,684.0,27-Sep-2016,766.0,83000.0,2016,Auto,22780.0,17519.0,12519.0,51506.0,1497.0,88.0,1096.0,2.0,Mid-Sized Sedan
Mitsubishi,28800,17970.0,1210.0,17-Dec-2014,431.0,188000.0,2014,Auto,16802.0,14874.0,14874.0,73900.0,1998.0,110.0,1355.0,1.0,SUV
Mitsubishi,129888,28120.0,1815.0,22-May-2008,1671.0,162000.0,2008,Manual,17871.0,37484.0,37484.0,38712.0,1998.0,206.0,1520.0,2.0,Sports Car
Subaru,59800,22650.0,1210.0,08-Jan-2016,798.0,129500.0,2015,Auto,24085.0,17728.0,17728.0,60003.0,1998.0,177.0,1682.0,2.0,SUV
Audi,75800,12500.0,1672.0,02-Dec-2009,2191.0,138888.0,2009,Auto,22738.0,44221.0,44221.0,37502.0,1984.0,125.0,1550.0,1.0,Mid-Sized Sedan
Mazda,57800,16250.0,1210.0,29-Jul-2016,1008.0,,2016,Auto,30783.0,23210.0,24494.0,57501.0,1998.0,121.0,1454.0,2.0,Luxury Sedan
Fiat,32800,,,03-Jul-2017,1337.0,,2017,Auto,13751.0,,18907.0,36879.0,1598.0,,1500.0,1.0,Van
Toyota,30800,16600.0,682.0,22-May-2015,576.0,83000.0,2014,Auto,15441.0,17950.0,7950.0,68589.0,1496.0,81.0,1200.0,1.0,Mid-Sized Sedan
Porsche,353800,51750.0,2380.0,27-Nov-2018,1861.0,31674.0,2018,Auto,148589.0,113288.0,175919.0,32429.0,2995.0,243.0,1815.0,2.0,Sports Car
BMW,159800,23370.0,1210.0,28-Mar-2019,1982.0,71285.0,2018,Auto,69568.0,51135.0,64043.0,39401.0,1998.0,135.0,1530.0,2.0,Luxury Sedan
Toyota,31800,14260.0,1573.0,31-Mar-2011,791.0,,2011,Auto,9069.0,23514.0,23514.0,20357.0,1998.0,108.0,1530.0,3.0,Luxury Sedan
Porsche,245800,274870.0,1194.0,07-Jul-2014,246.0,116000.0,2014,Auto,46699.0,61911.0,83440.0,67304.0,1984.0,174.0,1940.0,1.0,SUV
Toyota,93800,,,25-Sep-2020,2224.0,,2020,Auto,16691.0,,34619.0,23976.0,2754.0,,1800.0,2.0,Van
Isuzu,35800,,,09-Oct-2015,403.0,145760.0,2015,Auto,959.0,,37405.0,4804.0,2999.0,,2500.0,1.0,Truck
Mazda,109800,15300.0,1210.0,28-Feb-2020,2317.0,60000.0,2019,Auto,41683.0,22847.0,23986.0,38000.0,1998.0,121.0,1515.0,2.0,Luxury Sedan
Hyundai,67800,14650.0,392.0,24-Mar-2018,1613.0,67560.0,2018,Auto,21319.0,11424.0,5000.0,40000.0,998.0,88.3,1233.0,1.0,Mid-Sized Sedan
Mazda,184800,21430.0,1786.0,21-Jul-2021,2825.0,47000.0,2021,Auto,73797.0,31476.0,36067.0,61112.0,2488.0,143.0,1809.0,1.0,SUV
Mazda,40700,12840.0,682.0,29-Jun-2016,978.0,83000.0,2016,Auto,21913.0,16517.0,11517.0,55200.0,1496.0,88.0,1321.0,3.0,Mid-Sized Sedan
BMW,135555,18820.0,684.0,29-Nov-2019,2228.0,34781.0,2019,Auto,54502.0,34226.0,39917.0,40009.0,1499.0,103.0,1430.0,2.0,SUV
Toyota,42800,14840.0,742.0,25-Jan-2016,824.0,95000.0,2015,Auto,22923.0,17452.0,17452.0,54301.0,1598.0,90.0,1205.0,3.0,Mid-Sized Sedan
BMW,248000,22150.0,1210.0,30-Jun-2023,3534.0,1200.0,2022,Auto,145492.0,48925.0,64958.0,123000.0,1998.0,115.0,1500.0,1.0,Luxury Sedan
BMW,41800,17150.0,1082.0,27-Nov-2015,766.0,82350.0,Hatchback,2015,18857.0,,,59200.0,1496.0,,1350.0,3.0,N/A
Honda,124800,15060.0,682.0,14-Sep-2021,2588.0,,SUV,2018,57614.0,,,62600.0,1496.0,,1270.0,1.0,N/A
Honda,66800,13540.0,578.0,29-Jun-2018,1708.0,83464.0,Auto,"$15,668",21434.0,5668.0,,37000.0,1318.0,,1052.0,,Hatchback
Rolls-Royce,119888,14520.0,280.0,10-Jan-2022,2980.0,84000.0,1972,Auto,6525.0,12400.0,12400.0,7904.0,6750.0,149.0,2168.0,1.0,Luxury Sedan
Mazda,54800,16040.0,1786.0,20-Apr-2016,919.0,130647.0,Auto,"$26,042",28812.0,28459.0,,46667.0,2488.0,,1531.0,,Stationwagon
Toyota,192800,21310.0,1784.0,25-Jan-2022,3014.0,30000.0,SUV,2020,91988.0,,,82001.0,2487.0,,1620.0,1.0,N/A
BMW,59800,15970.0,1082.0,10-Nov-2016,1095.0,,Hatchback,2016,29885.0,,,52668.0,1496.0,,1395.0,2.0,N/A
Opel,53888,12890.0,1182.0,02-May-2017,1276.0,,SUV,2017,29741.0,,,54616.0,1598.0,,1501.0,2.0,N/A
Mercedes-Benz,245888,23370.0,682.0,17-Apr-2023,3471.0,9000.0,LuxurySedan,2022,147797.0,,,118501.0,1496.0,,1550.0,1.0,N/A
Honda,33800,15850.0,684.0,05-Aug-2015,640.0,87000.0,2015,Auto,15573.0,14828.0,9828.0,55889.0,1498.0,96.0,1046.0,3.0,Hatchback
Subaru,57988,17780.0,1210.0,30-Jun-2016,979.0,103000.0,2016,Auto,26724.0,19148.0,19148.0,56000.0,1998.0,177.0,1682.0,2.0,SUV
Suzuki,115800,12110.0,810.0,21-Jun-2013,3465.0,135000.0,2012,Auto,82877.0,13290.0,8290.0,86677.0,1586.0,100.0,1085.0,5.0,Hatchback
Citroen,41300,,,17-Apr-2018,1646.0,,2017,Auto,14110.0,,21420.0,31212.0,1560.0,,1460.0,2.0,Van
Honda,145800,16610.0,682.0,04-Oct-2021,2588.0,23000.0,2021,Auto,58027.0,24469.0,26257.0,48000.0,1496.0,95.0,1360.0,1.0,MPV
Mercedes-Benz,66800,23210.0,740.0,11-Nov-2015,760.0,114500.0,2015,Auto,34923.0,35416.0,36583.0,62140.0,1595.0,115.0,1425.0,2.0,Luxury Sedan
Honda,59800,15190.0,682.0,12-May-2017,1306.0,,2016,Auto,25186.0,20393.0,10551.0,51106.0,1496.0,96.0,1190.0,1.0,SUV
Renault,126000,15650.0,1048.0,31-May-2021,2765.0,28337.0,MPV,2019,41492.0,,,41801.0,1461.0,,1540.0,1.0,N/A
Hyundai,5500,,1107.0,02-Mar-2009,120.0,,2008,Auto,1000.0,14087.0,9662.0,12763.0,1591.0,89.7,1314.0,6.0,Hatchback
Toyota,51800,15480.0,742.0,22-Jun-2016,971.0,76000.0,2016,Auto,26484.0,19990.0,19990.0,53694.0,1598.0,90.0,1215.0,1.0,Mid-Sized Sedan
Peugeot,39800,11770.0,70.0,30-Aug-2016,739.0,,2016,Auto,17435.0,21122.0,11571.0,36334.0,1199.0,96.0,1190.0,1.0,Stationwagon
Mercedes-Benz,188500,26640.0,1202.0,18-Oct-2018,1832.0,70000.0,2018,Auto,98139.0,76181.0,109126.0,32429.0,1991.0,180.0,1845.0,3.0,Sports Car
Nissan,69800,16420.0,1210.0,31-Mar-2017,1245.0,83000.0,2016,Auto,34160.0,23955.0,25537.0,51000.0,1997.0,106.0,1626.0,2.0,SUV
Kia,76800,14180.0,738.0,12-Sep-2018,1491.0,119100.0,2018,Auto,21999.0,13834.0,13834.0,25000.0,1591.0,93.8,1287.0,2.0,Mid-Sized Sedan
Honda,119900,23090.0,1815.0,17-Dec-2008,1891.0,145000.0,2008,Manual,16373.0,31550.0,31550.0,31553.0,1998.0,165.0,1270.0,6.0,Sports Car
Nissan,84800,,,29-Sep-2022,2958.0,,2021,Auto,37189.0,,21488.0,41435.0,1998.0,,1700.0,2.0,Van
Kia,62800,16750.0,1318.0,18-Nov-2016,1132.0,121388.0,MPV,2016,31370.0,,,56206.0,1685.0,,1525.0,1.0,N/A
Porsche,89888,57090.0,3336.0,11-Apr-2014,180.0,170108.0,SUV,2013,65343.0,,,84504.0,2967.0,,2155.0,3.0,N/A
Porsche,168800,44600.0,3330.0,25-Jun-2015,609.0,74000.0,2014,Auto,114629.0,118398.0,185117.0,75801.0,3604.0,324.0,2185.0,4.0,SUV
Mercedes-Benz,208588,33020.0,2382.0,17-Jan-2018,1556.0,,2017,Auto,118979.0,90521.0,134938.0,57414.0,2996.0,200.0,1940.0,1.0,Luxury Sedan
Opel,25800,,,18-May-2016,947.0,,2015,Manual,11507.0,,26388.0,44213.0,1598.0,,1760.0,1.0,Van
Toyota,68500,17420.0,974.0,15-Feb-2017,1219.0,77000.0,2016,Auto,29265.0,20133.0,20187.0,48556.0,1797.0,105.0,1350.0,1.0,MPV
Volvo,51500,14500.0,684.0,27-May-2016,946.0,128000.0,2016,Auto,28620.0,24806.0,26729.0,47889.0,1498.0,90.0,1589.0,1.0,Luxury Sedan
Subaru,84800,18400.0,1210.0,08-Dec-2017,1497.0,91568.0,2017,Auto,31445.0,16320.0,16320.0,48109.0,1998.0,177.0,1682.0,1.0,SUV
Opel,43800,,,22-Oct-2018,1826.0,105000.0,2017,Manual,13649.0,,23538.0,27104.0,1598.0,,1540.0,1.0,Van
Mercedes-Benz,78800,19130.0,740.0,12-Apr-2017,1276.0,104000.0,2017,Auto,32945.0,25996.0,23395.0,50621.0,1595.0,115.0,1395.0,2.0,Hatchback
Maserati,199800,31400.0,3366.0,03-Nov-2017,1463.0,,SUV,2017,122687.0,,,53711.0,2987.0,,2205.0,1.0,N/A
Audi,51888,17630.0,976.0,30-Nov-2015,769.0,117616.0,2015,Auto,29752.0,29466.0,28253.0,60000.0,1798.0,125.0,1545.0,2.0,Luxury Sedan
Volkswagen,100000,13220.0,1552.0,17-Jun-2011,2735.0,112000.0,2010,Auto,35766.0,28507.0,28507.0,47316.0,1984.0,155.0,1339.0,3.0,Sports Car
MINI,79888,17870.0,684.0,03-Oct-2017,1127.0,84396.0,2017,Auto,30808.0,25277.0,17388.0,49000.0,1499.0,100.0,1115.0,2.0,Hatchback
Mitsubishi,41800,,,13-Jul-2015,637.0,,2015,Auto,8939.0,,20175.0,50900.0,2477.0,,1800.0,1.0,Truck
Toyota,84800,16970.0,976.0,06-Mar-2018,1584.0,69428.0,2017,Auto,32763.0,19955.0,19955.0,42661.0,1798.0,105.0,1355.0,2.0,MPV
Toyota,73800,12930.0,1461.0,23-Jun-2009,2067.0,133000.0,2009,Auto,24532.0,21343.0,21343.0,43007.0,1797.0,106.0,1340.0,3.0,MPV
Toyota,54800,10830.0,1026.0,30-Oct-2008,1834.0,140000.0,2008,Auto,15316.0,11834.0,11834.0,30284.0,1497.0,80.0,1095.0,3.0,Mid-Sized Sedan
Porsche,86500,,3322.0,28-Feb-2014,127.0,55118.0,2013,Auto,63311.0,82154.0,119878.0,87910.0,3598.0,220.0,2105.0,4.0,SUV
Honda,61800,11360.0,1026.0,18-Mar-2009,1982.0,125000.0,2009,Manual,13881.0,18475.0,18475.0,25525.0,1497.0,88.0,1110.0,2.0,Mid-Sized Sedan
Mercedes-Benz,256800,25700.0,1202.0,20-May-2022,3139.0,19000.0,LuxurySedan,2022,137836.0,,,98389.0,1991.0,,1915.0,1.0,N/A
Audi,318800,31630.0,2380.0,20-May-2022,3139.0,12000.0,2022,Auto,148735.0,66971.0,92548.0,92090.0,2995.0,260.0,1750.0,1.0,Sports Car
Hyundai,49800,16570.0,738.0,03-Jun-2016,943.0,125000.0,2016,Auto,17087.0,11824.0,11824.0,37755.0,1591.0,93.8,1345.0,2.0,Mid-Sized Sedan
Rolls-Royce,2487,204430.0,8250.0,14-Jul-2023,3558.0,102.0,2023,Auto,835044.0,472997.0,980594.0,102002.0,6749.0,441.0,2819.0,1.0,SUV
Mercedes-Benz,123800,19740.0,740.0,05-Mar-2019,1947.0,,2018,Auto,43040.0,30136.0,34191.0,32200.0,1595.0,115.0,1435.0,1.0,SUV
Mercedes-Benz,235800,23560.0,1202.0,02-Jan-2015,0.0,,2014,Auto,,52702.0,66864.0,,1991.0,265.0,1585.0,4.0,SUV
Mercedes-Benz,957888,83630.0,3922.0,30-Jun-2023,3534.0,66.0,2022,Auto,321463.0,158434.0,288555.0,108006.0,3982.0,430.0,2595.0,1.0,SUV
Toyota,80800,,,31-Oct-2018,1825.0,,2018,Manual,12406.0,,27082.0,24516.0,2982.0,,1720.0,1.0,Truck
Lamborghini,1510,131530.0,5834.0,24-Mar-2023,3438.0,36.0,2022,Auto,502591.0,268823.0,531411.0,110000.0,5204.0,470.0,1450.0,1.0,Sports Car
Mitsubishi,144800,,,12-Jan-2021,2646.0,25795.0,2020,Manual,23878.0,,63728.0,32889.0,7545.0,,5700.0,1.0,Truck
Mercedes-Benz,69800,,,17-Oct-2018,1831.0,,2018,Auto,13611.0,,33000.0,27104.0,2143.0,,1800.0,1.0,Van
Porsche,132000,19180.0,7294.0,26-Aug-2010,2195.0,155000.0,2010,Auto,22643.0,100966.0,100966.0,32914.0,4806.0,294.0,2140.0,4.0,SUV
BMW,142000,29360.0,2362.0,05-Dec-2016,1129.0,113000.0,2016,Auto,81931.0,70378.0,98681.0,56410.0,2979.0,235.0,1750.0,2.0,Luxury Sedan
Honda,145800,15330.0,682.0,03-Feb-2023,3378.0,11000.0,2022,Auto,84365.0,20414.0,5580.0,86000.0,1496.0,87.0,1250.0,1.0,SUV
Audi,44800,17050.0,624.0,27-Oct-2015,736.0,83150.0,2015,Auto,23547.0,26928.0,19700.0,57301.0,1395.0,92.0,1300.0,2.0,Hatchback
Audi,132800,23710.0,976.0,31-Aug-2017,1095.0,53831.0,2015,Auto,72459.0,60528.0,80951.0,51000.0,1798.0,130.0,1730.0,2.0,Sports Car
Mazda,21800,13810.0,682.0,30-Jan-2015,464.0,126649.0,2014,Auto,12576.0,17421.0,7421.0,65001.0,1496.0,88.0,1339.0,2.0,Mid-Sized Sedan
Citroen,31800,,,12-Jul-2017,1366.0,84000.0,2016,Auto,15093.0,,19973.0,40212.0,1560.0,,1460.0,1.0,Van
Mercedes-Benz,34800,25480.0,740.0,22-Sep-2014,31.0,,2014,Auto,16686.0,27866.0,21013.0,65001.0,1595.0,115.0,1435.0,1.0,SUV
Volkswagen,54000,17580.0,624.0,04-Apr-2016,884.0,100000.0,2015,Auto,23551.0,27597.0,20636.0,45000.0,1395.0,92.0,1347.0,3.0,Stationwagon
Mercedes-Benz,68800,23980.0,1202.0,23-Jul-2015,637.0,,2014,Auto,40234.0,42793.0,51911.0,65501.0,1991.0,135.0,1655.0,3.0,Luxury Sedan
Mercedes-Benz,118800,19240.0,586.0,26-Dec-2018,1890.0,85388.0,2018,Auto,43864.0,32046.0,36865.0,31101.0,1332.0,120.0,1375.0,1.0,Luxury Sedan
Maserati,235888,23570.0,2362.0,02-Dec-2013,0.0,,2013,Auto,,104987.0,160977.0,,2979.0,302.0,1900.0,3.0,Luxury Sedan
Mercedes-Benz,168800,30960.0,2382.0,27-Jul-2017,1371.0,,2016,Auto,86707.0,72475.0,102455.0,53001.0,2996.0,270.0,1735.0,3.0,Sports Car
BMW,183800,26100.0,1210.0,31-Jul-2019,2095.0,53000.0,2019,Auto,76027.0,51237.0,64227.0,52502.0,1998.0,190.0,1470.0,3.0,Luxury Sedan
Honda,44800,15310.0,182.0,06-May-2016,915.0,72635.0,2015,Auto,14442.0,20600.0,10840.0,30889.0,1496.0,96.0,1190.0,1.0,SUV
Mitsubishi,53800,,,28-Jun-2016,977.0,187668.0,2016,Manual,11675.0,,32011.0,43002.0,2998.0,,2380.0,3.0,Truck
Rolls-Royce,1068,239730.0,8004.0,27-Jul-2016,1006.0,22932.0,2016,Auto,493875.0,458096.0,796573.0,57010.0,6592.0,420.0,2560.0,3.0,Sports Car
Nissan,69800,,,27-Jul-2021,2831.0,35600.0,2021,Manual,26149.0,,22767.0,33536.0,1998.0,,1640.0,2.0,Truck
Audi,66888,14400.0,1464.0,17-Jun-2008,1671.0,200000.0,2008,Auto,17977.0,33678.0,33678.0,38712.0,1798.0,118.0,1450.0,4.0,Luxury Sedan
Aston,698000,106730.0,5834.0,23-Apr-2020,2372.0,13850.0,2019,Auto,24775.0,162849.0,265129.0,37900.0,5204.0,470.0,1870.0,2.0,Sports Car
Volkswagen,63800,13990.0,1791.0,12-Jun-2008,1640.0,,2007,Manual,18637.0,22166.0,22166.0,40881.0,1984.0,147.0,1428.0,6.0,Sports Car
Chevrolet,55800,12500.0,604.0,30-Aug-2017,1104.0,79000.0,2017,Auto,29826.0,14362.0,14362.0,52751.0,1362.0,103.0,1440.0,1.0,Mid-Sized Sedan
Honda,8600,15390.0,2442.0,08-May-2009,180.0,170000.0,2008,Auto,1969.0,35758.0,35758.0,17706.0,2354.0,151.0,1630.0,6.0,MPV
Ferrari,425800,48510.0,5297.0,18-Jul-2012,3197.0,13000.0,2012,Auto,85275.0,285694.0,285694.0,97176.0,4297.0,360.0,1780.0,3.0,Sports Car
Toyota,133800,15050.0,506.0,29-Jun-2022,3168.0,21000.0,2022,Auto,68129.0,15929.0,5000.0,73801.0,1196.0,64.0,970.0,1.0,SUV
Toyota,44800,20810.0,1196.0,15-May-2015,579.0,83000.0,2015,Auto,25086.0,29366.0,23113.0,77600.0,1986.0,111.0,1620.0,1.0,SUV
Honda,60000,17240.0,682.0,12-Oct-2016,1096.0,80000.0,2016,Auto,26075.0,20928.0,16300.0,51506.0,1496.0,96.0,1185.0,1.0,SUV
Toyota,85800,15980.0,742.0,07-Jun-2018,1677.0,45812.0,2018,Auto,33530.0,21858.0,22602.0,38000.0,1598.0,96.0,1230.0,1.0,Mid-Sized Sedan
Kia,66800,13550.0,738.0,22-Feb-2018,1581.0,95000.0,2017,Auto,28669.0,15111.0,15111.0,41400.0,1591.0,95.3,1295.0,2.0,Mid-Sized Sedan
Toyota,81888,14940.0,2457.0,24-Apr-2009,1976.0,136400.0,2008,Auto,18083.0,34438.0,34438.0,33018.0,2362.0,125.0,1770.0,4.0,MPV
Kia,62800,13920.0,738.0,19-Sep-2017,1133.0,78317.0,2017,Auto,24453.0,15784.0,15784.0,36001.0,1591.0,95.3,1295.0,2.0,Mid-Sized Sedan
Toyota,79800,16610.0,976.0,22-Dec-2017,1521.0,125000.0,2017,Auto,38082.0,19955.0,19955.0,57414.0,1798.0,105.0,1355.0,1.0,MPV
Toyota,47800,17630.0,976.0,01-Dec-2015,760.0,84000.0,2015,Auto,24273.0,19953.0,19953.0,60689.0,1798.0,105.0,1360.0,2.0,MPV
Mercedes-Benz,235800,,2382.0,03-Jun-2021,2768.0,15000.0,2018,Auto,,28253.0,31555.0,60001.0,2996.0,287.0,1705.0,2.0,Luxury Sedan
Toyota,67800,,,19-May-2016,948.0,,2016,Auto,10656.0,,42182.0,40897.0,2982.0,,2140.0,3.0,Bus/Mini Bus
Mercedes-Benz,64800,22970.0,740.0,25-Aug-2015,369.0,76552.0,2015,Auto,36143.0,40283.0,43397.0,65501.0,1595.0,115.0,1425.0,2.0,Luxury Sedan
BMW,222555,20810.0,684.0,31-May-2023,3495.0,900.0,2023,Auto,121400.0,36835.0,43569.0,92000.0,1499.0,90.0,1500.0,1.0,SUV
Toyota,115800,,,29-Sep-2022,2958.0,19137.0,2022,Manual,37752.0,,31609.0,42062.0,2755.0,,1800.0,2.0,Truck
Mercedes-Benz,163888,20450.0,684.0,23-Oct-2020,2557.0,35000.0,2020,Auto,55598.0,34175.0,39845.0,36534.0,1497.0,95.0,1505.0,2.0,Luxury Sedan
Audi,180888,17420.0,,20-Sep-2023,3324.0,50.0,Hatchback,2023,111809.0,,,101000.0,999.0,,,1.0,N/A
Rolls-Royce,2500,199530.0,8250.0,12-Aug-2022,2921.0,8000.0,2022,Auto,1197.0,695334.0,1469.0,107800.0,6749.0,420.0,2720.0,1.0,Luxury Sedan
Rolls-Royce,2500,207100.0,8250.0,06-Aug-2022,3196.0,18000.0,2022,Auto,1092.0,637485.0,1342.0,110524.0,6749.0,420.0,2720.0,1.0,Luxury Sedan
Toyota,110800,13750.0,392.0,24-Aug-2021,2558.0,43217.0,2020,Auto,40513.0,19508.0,5000.0,46689.0,996.0,72.0,970.0,1.0,SUV
Toyota,351888,32280.0,1792.0,29-May-2023,3503.0,20.0,MPV,2023,165132.0,,,108006.0,2494.0,,2210.0,1.0,N/A
Mercedes-Benz,137800,18860.0,586.0,15-Jan-2020,2284.0,95000.0,2019,Auto,51874.0,33626.0,39077.0,36000.0,1332.0,120.0,1385.0,1.0,Luxury Sedan
Toyota,108800,,,04-Jan-2021,2619.0,105000.0,2020,Auto,24314.0,,29353.0,33591.0,2982.0,,1800.0,1.0,Bus/Mini Bus
Mitsubishi,56800,13700.0,1815.0,15-Oct-2008,1490.0,,2008,Manual,20782.0,18656.0,18656.0,50168.0,1998.0,114.0,1397.0,3.0,Mid-Sized Sedan
Toyota,240000,23490.0,,13-Sep-2023,3317.0,27.0,MPV,2023,128589.0,,,119399.0,1797.0,,1640.0,1.0,N/A
Renault,42800,,,31-Jul-2018,1730.0,84500.0,2017,Auto,15387.0,,18840.0,32001.0,1461.0,,1440.0,1.0,Van
Lexus,86800,19990.0,1792.0,17-Jan-2017,1191.0,97700.0,2016,Auto,42860.0,36195.0,42673.0,46229.0,2494.0,135.0,1615.0,3.0,Luxury Sedan
Volkswagen,121800,28930.0,1194.0,24-Feb-2017,1218.0,90000.0,2016,Auto,48532.0,40089.0,48125.0,51109.0,1984.0,206.0,1420.0,1.0,Sports Car
Toyota,90800,,,30-Aug-2019,1834.0,62189.0,2019,Manual,13964.0,,27083.0,23707.0,2982.0,,1720.0,1.0,Truck
Mitsubishi,58800,,,09-Sep-2016,739.0,120224.0,2016,Manual,1402.0,,36465.0,4809.0,2998.0,,3700.0,2.0,Truck
Porsche,280000,27980.0,2042.0,11-Mar-2014,0.0,106000.0,2013,Auto,,74085.0,105353.0,,2706.0,202.0,1415.0,2.0,Sports Car
Suzuki,93988,9460.0,,14-Sep-2023,3318.0,,2023,Auto,70462.0,,15218.0,70928.0,658.0,,900.0,1.0,Van
Jaguar,128777,22200.0,1210.0,31-Jul-2018,1730.0,70000.0,2018,Auto,46375.0,37079.0,43911.0,32809.0,1997.0,183.0,1867.0,1.0,SUV
BMW,110800,32290.0,2384.0,22-Apr-2016,911.0,45000.0,2016,Auto,46527.0,47089.0,57925.0,46667.0,2998.0,240.0,1540.0,3.0,Luxury Sedan
Subaru,45800,16030.0,744.0,25-Feb-2016,854.0,100000.0,2015,Auto,20258.0,15274.0,15274.0,46651.0,1600.0,84.0,1480.0,2.0,SUV
Honda,110800,13820.0,682.0,10-Aug-2021,2825.0,26000.0,2021,Auto,39158.0,19908.0,5000.0,45189.0,1496.0,95.0,1130.0,1.0,Stationwagon
Nissan,73800,,,21-Sep-2020,2220.0,23462.0,2020,Manual,17381.0,,26493.0,25006.0,2488.0,,1800.0,1.0,Van
BMW,136800,15840.0,684.0,19-Mar-2021,2713.0,40747.0,2021,Auto,61465.0,32653.0,37715.0,44589.0,1499.0,80.0,1340.0,1.0,Hatchback
Toyota,80300,13550.0,682.0,07-Mar-2019,1949.0,55000.0,2019,Auto,23198.0,13936.0,13936.0,23568.0,1496.0,79.0,1085.0,1.0,Mid-Sized Sedan
Volkswagen,67500,14980.0,392.0,29-Dec-2017,1528.0,60000.0,2017,Auto,22078.0,18516.0,8516.0,38200.0,999.0,81.0,1257.0,2.0,Hatchback
Nissan,48200,16020.0,508.0,06-May-2016,915.0,84500.0,2016,Auto,20540.0,18974.0,13974.0,47300.0,1197.0,85.0,1285.0,1.0,SUV
Isuzu,56800,,,23-Jun-2015,607.0,,2014,Manual,8592.0,,52220.0,50502.0,7790.0,,6140.0,1.0,Truck
Toyota,186800,21260.0,974.0,05-Jan-2022,2985.0,16000.0,MPV,2021,82920.0,,,79601.0,1797.0,,1610.0,1.0,N/A
Mercedes-Benz,80800,12820.0,1364.0,27-Jan-2010,2286.0,,2009,Auto,24867.0,43050.0,43050.0,39463.0,1796.0,135.0,1490.0,3.0,Luxury Sedan
Opel,66800,12320.0,508.0,25-Apr-2018,1644.0,73200.0,2018,Auto,32408.0,21172.0,21641.0,38000.0,1199.0,81.0,1203.0,1.0,SUV
Mitsubishi,66800,,,28-Aug-2014,1825.0,,2014,Manual,,,30416.0,,2998.0,,2220.0,6.0,Truck
Toyota,65800,11490.0,1113.0,14-Jul-2009,2065.0,106000.0,2009,Auto,17086.0,17500.0,13924.0,29839.0,1598.0,80.0,1195.0,1.0,Mid-Sized Sedan
Mazda,75800,15950.0,1210.0,26-Dec-2017,1525.0,82000.0,2017,Auto,36222.0,17222.0,17222.0,57390.0,1998.0,111.0,1532.0,1.0,MPV
Nissan,191800,19620.0,802.0,02-Mar-2023,3414.0,7000.0,MPV,2022,110226.0,,,105501.0,1198.0,,1758.0,1.0,N/A
Toyota,49388,10890.0,1023.0,22-Apr-2008,1641.0,140000.0,2006,Auto,17527.0,15423.0,13843.0,38655.0,1496.0,81.0,1130.0,2.0,Mid-Sized Sedan
BMW,104800,15190.0,3071.0,21-Sep-2010,2191.0,169000.0,2010,Auto,22697.0,58918.0,58918.0,32914.0,2979.0,225.0,1750.0,6.0,Sports Car
Mitsubishi,39800,,,05-Aug-2015,640.0,,2015,Manual,2739.0,,31597.0,15056.0,2998.0,,2220.0,2.0,Truck
Maserati,175000,22280.0,6539.0,16-Aug-2011,2560.0,,2011,Auto,45782.0,131982.0,131982.0,58306.0,4691.0,331.0,1770.0,6.0,Sports Car
Audi,533777,,5834.0,31-Jan-2022,3010.0,26991.0,2020,Auto,,90160.0,134288.0,82501.0,5204.0,397.0,1670.0,2.0,Sports Car
Volkswagen,29800,17900.0,624.0,11-Mar-2015,515.0,120000.0,2014,Auto,13535.0,22710.0,8794.0,61410.0,1395.0,90.0,1249.0,2.0,Hatchback
Mazda,30000,17310.0,682.0,12-May-2015,576.0,90700.0,2015,Auto,13630.0,14846.0,5000.0,68589.0,1496.0,88.0,1321.0,1.0,Mid-Sized Sedan
MINI,39200,17110.0,508.0,18-Sep-2015,402.0,,2015,Auto,17628.0,21368.0,11916.0,57089.0,1198.0,75.0,1175.0,3.0,Hatchback
Honda,55388,11960.0,1023.0,27-May-2008,1676.0,181000.0,2008,Manual,17683.0,14442.0,15887.0,38192.0,1496.0,88.0,1050.0,6.0,Hatchback
Lexus,72800,13500.0,4308.0,11-Mar-2009,1953.0,175000.0,SUV,2008,17218.0,,,31933.0,3311.0,,2040.0,2.0,N/A
Chevrolet,36800,16230.0,604.0,15-Jul-2015,639.0,64315.0,2015,Auto,20525.0,16339.0,16339.0,65501.0,1362.0,103.0,1440.0,1.0,Mid-Sized Sedan
Porsche,89800,44580.0,3322.0,27-Jun-2014,246.0,120000.0,2013,Auto,62713.0,79909.0,115837.0,67304.0,3598.0,220.0,2105.0,4.0,SUV
Kia,64800,14170.0,738.0,05-Dec-2017,1494.0,119899.0,2017,Auto,27732.0,11854.0,11854.0,46791.0,1591.0,95.3,1295.0,1.0,Mid-Sized Sedan
BMW,85777,18120.0,684.0,25-Aug-2017,1099.0,101000.0,2017,Auto,38294.0,27881.0,31034.0,46778.0,1499.0,75.0,1480.0,1.0,MPV
Mercedes-Benz,238800,27890.0,2382.0,14-Feb-2020,2313.0,,2019,Auto,118975.0,84019.0,123235.0,41805.0,2996.0,287.0,1705.0,1.0,Luxury Sedan
Porsche,858800,73470.0,2364.0,31-Mar-2023,3435.0,18.0,2021,Auto,343432.0,174819.0,324602.0,105501.0,2981.0,331.0,1660.0,1.0,Sports Car
Honda,85888,14630.0,682.0,07-Mar-2019,1949.0,60000.0,2018,Auto,24280.0,22434.0,13408.0,26301.0,1496.0,96.0,1190.0,2.0,SUV
Mercedes-Benz,221800,21890.0,586.0,30-Nov-2022,3324.0,5000.0,2022,Auto,112118.0,36514.0,43120.0,87235.0,1332.0,96.0,1550.0,1.0,SUV
Kia,21800,12670.0,1033.0,29-Jun-2010,613.0,125000.0,2010,Auto,5647.0,11342.0,11342.0,16438.0,1591.0,92.7,1251.0,3.0,Mid-Sized Sedan
Nissan,44800,,,24-Aug-2016,733.0,,2016,Manual,5039.0,,24942.0,17551.0,2953.0,,1740.0,1.0,Truck
Higer,118000,,,19-Jul-2023,3563.0,,2022,Auto,22734.0,,45347.0,23250.0,,,1900.0,1.0,Van
Mitsubishi,62800,,,20-Aug-2018,1469.0,,2018,Manual,15120.0,,29168.0,31092.0,2998.0,,1800.0,1.0,Truck
Mercedes-Benz,107888,21510.0,740.0,05-Oct-2017,1129.0,93140.0,2017,Auto,49018.0,37239.0,44135.0,51000.0,1595.0,115.0,1425.0,1.0,Luxury Sedan
Honda,102800,14470.0,682.0,22-Jan-2020,2281.0,87000.0,2019,Auto,39862.0,22527.0,23538.0,35320.0,1496.0,96.0,1200.0,1.0,SUV
Porsche,135000,37370.0,3322.0,15-Sep-2015,399.0,120000.0,2015,Auto,80216.0,85245.0,125441.0,58109.0,3598.0,220.0,2115.0,3.0,SUV
Nissan,64800,,,21-Dec-2019,2250.0,,2019,Manual,15191.0,,25565.0,24502.0,2488.0,,1800.0,3.0,Van
MINI,60800,13080.0,1113.0,18-Jun-2008,1671.0,154000.0,2008,Auto,17736.0,38922.0,38922.0,38192.0,1598.0,125.0,1315.0,5.0,Sports Car
Audi,95777,31430.0,1194.0,23-Oct-2015,732.0,90000.0,2015,Auto,49892.0,50784.0,63412.0,58190.0,1984.0,169.0,1410.0,3.0,Sports Car
Fiat,30800,,,27-Oct-2016,1101.0,,2016,Auto,13848.0,,18820.0,45454.0,1598.0,,1500.0,1.0,Van
Isuzu,169800,,,16-May-2014,215.0,,2013,Manual,,,52698.0,36301.0,7790.0,,12120.0,1.0,Truck
Suzuki,102800,11900.0,,10-Sep-2021,2555.0,32100.0,Hatchback,2021,45920.0,,,41801.0,1197.0,,920.0,1.0,N/A
Nissan,68800,17200.0,1210.0,11-Jan-2017,1185.0,,2016,Auto,31627.0,23955.0,25537.0,50010.0,1997.0,106.0,1626.0,1.0,SUV
BMW,248800,23800.0,,03-Oct-2022,2952.0,12000.0,LuxurySedan,2021,134788.0,,,113000.0,1998.0,,1770.0,1.0,N/A
Nissan,41800,,,15-Jun-2017,1339.0,94168.0,2016,Manual,11259.0,,24409.0,30600.0,2488.0,,1800.0,2.0,Van
Honda,24800,13900.0,,22-Jul-2010,636.0,122000.0,Mid-SizedSedan,2008,5855.0,,,16438.0,1339.0,,1290.0,2.0,N/A
BMW,29900,20800.0,742.0,29-Oct-2014,373.0,67900.0,2014,Auto,16349.0,24227.0,15918.0,72180.0,1598.0,100.0,1310.0,2.0,Hatchback
Toyota,77800,24090.0,1638.0,02-Feb-2016,822.0,86235.0,2015,Auto,39667.0,37090.0,43926.0,57501.0,2362.0,125.0,1775.0,1.0,MPV
Volkswagen,43500,19310.0,620.0,25-May-2015,579.0,70591.0,2014,Auto,25933.0,26619.0,24267.0,77600.0,1390.0,118.0,1373.0,5.0,Hatchback
BMW,66800,16290.0,1082.0,28-Jun-2017,1342.0,96000.0,Hatchback,2017,23988.0,,,42801.0,1496.0,,1350.0,2.0,N/A
MINI,72800,17560.0,684.0,15-Jun-2017,1339.0,85000.0,2017,Auto,30433.0,24466.0,16253.0,54000.0,1499.0,100.0,1115.0,1.0,Hatchback
SEAT,42888,11870.0,1010.0,23-Feb-2017,1217.0,79980.0,Mid-SizedSedan,2016,20574.0,,,50101.0,1422.0,,1255.0,4.0,N/A
Honda,86000,,,30-Mar-2023,3444.0,,2022,Auto,48630.0,,16642.0,51330.0,658.0,,940.0,1.0,Van
Ford,179800,,,24-May-2021,2768.0,35182.0,2019,Auto,31784.0,,22459.0,41701.0,1996.0,,2460.0,2.0,Truck
Mercedes-Benz,177777,23810.0,1202.0,27-Aug-2019,1831.0,86000.0,2018,Auto,79649.0,57385.0,75293.0,39406.0,1991.0,190.0,1555.0,2.0,Luxury Sedan
Mercedes-Benz,127800,,,21-Mar-2023,3435.0,50.0,2021,Auto,80432.0,,33266.0,85119.0,2143.0,,1800.0,1.0,Van
Ford,137800,,,27-Jun-2019,2071.0,69281.0,2019,Auto,14369.0,,33704.0,25143.0,3198.0,,2200.0,1.0,Truck
Toyota,95800,,,10-Feb-2023,3375.0,,2022,Auto,65490.0,,23214.0,70099.0,1998.0,,1680.0,1.0,Van
BMW,204800,29160.0,2384.0,08-Oct-2018,1497.0,54505.0,2018,Auto,98440.0,81088.0,117959.0,31801.0,2998.0,250.0,1835.0,2.0,Luxury Sedan
Mercedes-Benz,143800,15460.0,1071.0,26-Jan-2013,3380.0,146235.0,2011,Auto,100553.0,51025.0,46025.0,108106.0,1796.0,150.0,1725.0,6.0,Sports Car
Porsche,183000,21790.0,3998.0,11-Apr-2012,3049.0,56000.0,2011,Auto,67646.0,106863.0,106863.0,80583.0,3605.0,220.0,1760.0,2.0,Sports Car
Citroen,124800,,,28-Dec-2022,3352.0,,2022,Auto,47941.0,,37178.0,51986.0,,,1760.0,1.0,Van
